rtm,caller_count,callers
abk.rtm,2,BKARE;T6ARE
ap.rtm,1,BKADC
at6.rtm,2,BKARE;T6ARE
banks.rtm,16,BKADC;BKAPH;BKAPHA;BKPRD;T6APB;T6APC;T6APH;T6APHA;T6ARB;T6ARC;T6PRDPST;T6arn;t6apg;t6glo;t6prd;t6utka
bk.rtm,23,BKARE;BKPOB;BKSOB;BKSOC;BKSOD;BKSOF;BKWOC;ISLCF;ISSCF;ISSRD;T6ALSOB;T6ALSOC;T6ALSOF;T6ARE;T6ISSRD;T6POB;T6SOD;T6SOF;T6WOC;t6islce;t6sob;t6soc;t6sodmsg
bkac.rtm,2,BKACT;BKACT2
bkactrptbkac.rtm,1,T6INO
bkaph1.rtm,2,BKADC;BKAPH
bkapha1.rtm,2,BKADC;BKAPHA
bkapha2.rtm,2,BKADC;BKAPHA
bkapha3.rtm,2,BKADC;BKAPHA
bkaphar1.rtm,2,BKAPH;BKAPHA
bkapm1.rtm,1,BKAPM
bkapm2.rtm,1,BKAPM
bkapm3.rtm,1,BKAPM
bkaps1.rtm,2,APS1999;APS2000
bkaps3.rtm,1,APS2000
bkare1.rtm,2,BKADE;BKARE
bkare2.rtm,2,BKADE;BKARE
bkare3.rtm,2,BKADE;BKARE
bkare4.rtm,1,BKARE
bkari1.rtm,1,BKARI
bkari2.rtm,1,BKARI
bkari3.rtm,1,BKARI
bkarp1.rtm,1,BKARP
bkarpl1.rtm,1,BKARP
bkawc1.rtm,1,BKAWC
bkawc2.rtm,1,BKAWC
bkawe1.rtm,2,BKAWE;BKWOE
bkawe2.rtm,2,BKAWE;BKWOE
bkcmaccctemp.rtm,3,J6HVRSAO;J6PETOPN;JMCRTOPN
bkcmbd1.rtm,1,BKCMBD
bkcmbd2.rtm,1,BKCMBD
bkcmbd3.rtm,1,BKCMBD
bkcmbi1.rtm,1,BKCMBI
bkdce.rtm,1,BKDCE
bkdcf.rtm,1,BKDCF
bkesd1.rtm,1,BKMDK
bkesd2.rtm,1,BKMDK
bkicmstrtemp.rtm,3,J6BKMDIS;J6BKMREP;J6LAPSAR
bking1.rtm,2,BKING;T6ING
bkinlj1.rtm,3,ISICT;ISINLJ;ISINLM
bkpica1.rtm,1,BKPICA
bkpob1.rtm,3,BKLDB;BKMDG;BKPOB
bkpob2.rtm,3,BKLDB;BKMDG;BKPOB
bkpob3.rtm,3,BKLDB;BKMDG;BKPOB
bkpob4.rtm,3,BKLDB;BKMDG;BKPOB
bkpoe1.rtm,3,BKLDB;BKMDG;BKPOEA
bkpoe2.rtm,3,BKLDB;BKMDG;BKPOEA
bkpoja1.rtm,1,BKPOJA
bkprd1.rtm,2,BKADC;BKPRD
bkprd2.rtm,2,BKADC;BKPRD
bkprlf1.rtm,1,BKPRLF
bkprlg1.rtm,1,BKPRLG
bkprli.rtm,1,BKPRLI
bkrma1.rtm,1,ISSRB
bksa.rtm,3,BKPOENG;BKSAM;BKSAN
bksam1.rtm,1,BKSAM
bksan1.rtm,1,BKSAN
bksareptbksa.rtm,4,T6POENG;T6SAM;T6SAN;j6cfsan
bksob1.rtm,3,BKADF;BKSOB;JKSDM
bksob2.rtm,3,BKADF;BKSOB;JKSDM
bksob3.rtm,3,BKADF;BKSOB;JKSDM
bksob4.rtm,3,BKADF;BKSOB;JKSDM
bksoc1.rtm,3,BKADF;BKSOC;JKSDM
bksoc1t.rtm,1,BKSOC
bksoc2.rtm,3,BKADF;BKSOC;JKSDM
bksoc2t.rtm,1,BKSOC
bksoc3.rtm,3,BKADF;BKSOC;JKSDM
bksoc3t.rtm,1,BKSOC
bksoc4.rtm,3,BKADF;BKSOC;JKSDM
bksoc4t.rtm,1,BKSOC
bksodd1.rtm,1,BKSOD
bksodd2.rtm,1,BKSOD
bksodh1.rtm,1,BKSOD
bksodh2.rtm,1,BKSOD
bksof1.rtm,3,BKADF;BKSOF;JKSDM
bksof2.rtm,3,BKADF;BKSOF;JKSDM
bksof3.rtm,3,BKADF;BKSOF;JKSDM
bksof4.rtm,3,BKADF;BKSOF;JKSDM
bksof6.rtm,3,BKADF;BKSOF;JKSDM
bksof7.rtm,3,BKADF;BKSOF;JKSDM
bksom1.rtm,1,BKSOM
bksom2.rtm,1,BKSOM
bksom3.rtm,1,BKSOM
bksom4.rtm,1,BKSOM
bksooj1.rtm,1,BKSAM
bksook1.rtm,1,BKSAN
bksopb1.rtm,4,BKADF;BKSOPB;JKSDM;JKSOSB
bksopb2.rtm,4,BKADF;BKSOPB;JKSDM;JKSOSB
bksopb3.rtm,4,BKADF;BKSOPB;JKSDM;JKSOSB
bksopb4.rtm,4,BKADF;BKSOPB;JKSDM;JKSOSB
bksopd1.rtm,1,BKSAM
bksope1.rtm,1,BKSAN
bksrb1.rtm,1,ISSRB
bksrb2.rtm,1,ISSRB
bksrb3.rtm,1,ISSRB
bksrb4.rtm,1,ISSRB
bksrd1.rtm,1,ISSRD
bksrd1t.rtm,1,ISSRD
bksrd2.rtm,1,ISSRD
bksrd2t.rtm,1,ISSRD
bksrd3.rtm,1,ISSRD
bksrd3t.rtm,1,ISSRD
bksrd4.rtm,1,ISSRD
bksrd4t.rtm,1,ISSRD
bksrf1.rtm,1,ISSRF
bksrf2.rtm,1,ISSRF
bksrf3.rtm,1,ISSRF
bksrf4.rtm,1,ISSRF
bksrf6.rtm,1,ISSRF
bksrf7.rtm,1,ISSRF
bkwoc1.rtm,1,BKWOC
bkwoc2.rtm,1,BKWOC
bkwoc3.rtm,1,BKWOC
bkwoc3oc.rtm,1,BKWOC
bkwoc4.rtm,1,BKWOC
bkwolj1.rtm,1,ISWOLJ
cfg.rtm,792,ACAPIVP;APDUPFIX;APO001;APRECUFX;APS2000;AUTOBMG;AUTODCH;AUTOIND;AUTOINDX;AUTOMMD;AUTOMME;AUTOMRF;AUTOPOJC;AUTOSON;AUTOSTOT;AUTOUTKF;AUTOUTKG;AUTOUTKI;BKACT;BKACT2;BKADB;BKADC;BKADD;BKADF;BKAIA;BKAMA;BKAMB;BKAMC;BKAMD;BKAME;BKAMF;BKAMG;BKAMH;BKAMJ;BKAMK;BKAMM;BKAMO;BKAMPA;BKAMPD;BKAMPE;BKAPA;BKAPB;BKAPC;BKAPCUR;BKAPD;BKAPE;BKAPF;BKAPG;BKAPH;BKAPHA;BKAPI;BKAPJ;BKAPK;BKAPL;BKAPM;BKAPP;BKAPQ;BKAPR;BKARA;BKARB;BKARC;BKARCUR;BKARD;BKARE;BKARF;BKARG;BKARH;BKARI;BKARK;BKARL;BKARM;BKARN;BKARP;BKARR;BKBMA;BKBMB;BKBMC;BKBMD;BKBMG;BKBMH;BKBMH2;BKBMI;BKBMJ;BKBML;BKBMM;BKBMX;BKCMA;BKCMBA;BKCMBB;BKCMBC;BKCMBD;BKCMBE;BKCMBF;BKCMBG;BKCMBH;BKCMBI;BKCMBJ;BKCMC;BKCMD;BKCMFB;BKCMJ;BKCMK;BKCML;BKCSA;BKCSB;BKCSC;BKCSD;BKCSE;BKCSF;BKCSK;BKCSL;BKCSM;BKCSN;BKCSO;BKCSOC;BKCSOI;BKCSP;BKDCA;BKDCA2~1;BKDCD;BKDCE;BKDCF;BKDCG;BKDCGMSG;BKDCH;BKDCI;BKDEB;BKDEC;BKDEE;BKDEG;BKDEHA;BKDEHB;BKDEHC;BKDEHD;BKDEIC;BKDEJH;BKDEJI;BKDEL;BKDEM;BKDEN;BKEDB;BKEDD;BKEDE;BKEDF;BKEDG;BKESA;BKESAB;BKESB;BKESD;BKESE;BKESF;BKESG;BKESH;BKFOC;BKFOD;BKFSTCUR;BKGETDEP;BKGLA;BKGLB;BKGLC;BKGLD;BKGLE;BKGLF;BKGLG;BKGLH;BKGLI;BKGLJ;BKGLK;BKGLN;BKGLO;BKGLOOB;BKGLP;BKGLPURG;BKGLS;BKIMA;BKIMB;BKINA;BKINB;BKINC;BKIND;BKINE;BKINF;BKING;BKINH;BKINI;BKINJ;BKINK;BKINLA;BKINLB;BKINLC;BKINLD;BKINLE;BKINLF;BKINLG;BKINLH;BKINLI;BKINLJ;BKINLK;BKINLL;BKINNA;BKINNB;BKINNC;BKINO;BKINTCUR;BKISMCC;BKJCA;BKJCE;BKJCENG;BKJCF;BKJCH;BKJCL;BKJCM;BKJCP;BKJCQ;BKJCR;BKLCA;BKLCB;BKLCC;BKMDA;BKMDF;BKMDG;BKMDI;BKMDK;BKMMA;BKMMB;BKMMD;BKMME;BKMMF;BKMMG;BKMMH;BKMMJ;BKMMKA;BKMML;BKMMM;BKMMN;BKMRA;BKMRADE;BKMRB;BKMRC;BKMRD;BKMRE;BKMRF;BKMRG;BKMRH;BKMRI;BKMRJ;BKMRK;BKMRL;BKNUMB;BKNUMB2;BKPIA;BKPIB;BKPIC;BKPICA;BKPID;BKPIF;BKPIG;BKPIH;BKPLB;BKPOA;BKPOB;BKPOC;BKPOEA;BKPOENG;BKPOF;BKPOG;BKPOH;BKPOID;BKPOJA;BKPOJB;BKPOJC;BKPOK;BKPOL;BKPOM;BKPOP;BKPOQ;BKPRA;BKPRB;BKPRC;BKPRD;BKPRDPST;BKPRE;BKPRF;BKPRG;BKPRH;BKPRI;BKPRJ;BKPRJA;BKPRJB;BKPRK;BKPRLA;BKPRLB;BKPRLC;BKPRLD;BKPRLE;BKPRLF;BKPRLG;BKPRLH;BKPRLI;BKPRLJ;BKPRLK;BKPRLM;BKPRLN;BKPRLO;BKPRLP;BKPRLQ;BKPRM;BKPRN;BKPRO;BKPRP;BKPRQ;BKPSA;BKPSB;BKPSB1;BKPSB2;BKPSB5;BKPSC;BKREBWO;BKROA;BKROB;BKROC;BKROE;BKROH;BKROI;BKROJA;BKROJB;BKROK;BKSAA;BKSAH;BKSAI;BKSAJ;BKSAM;BKSAN;BKSCA;BKSCB;BKSCC;BKSDP;BKSHA;BKSHB;BKSHC;BKSHE;BKSHF;BKSHG;BKSHH;BKSHI;BKSHJ;BKSHK;BKSHL;BKSHM;BKSHN;BKSHO;BKSHP;BKSOA;BKSOA2;BKSOB;BKSOC;BKSOD;BKSOE;BKSOF;BKSOG;BKSOGA;BKSOGLOT;BKSOGSER;BKSOH;BKSOI;BKSOJ;BKSOJ2;BKSOK;BKSOL;BKSOLOT;BKSOM;BKSON;BKSOOA;BKSOOB;BKSOOD;BKSOOE;BKSOOF;BKSOOH;BKSOOI;BKSOPB;BKSOPC;BKSOPI;BKSOQA;BKSOQB;BKSOQC;BKSOQH;BKSOQI;BKSOR;BKSOSER;BKUTC;BKUTH;BKUTI;BKUTKA;BKUTKB;BKUTKD;BKUTKE;BKUTKF;BKUTKG;BKUTKH;BKUTKI;BKWOA;BKWOB;BKWOC;BKWOCA;BKWOD;BKWOE;BKWOF;BKWOFA;BKWOG;BKWOH;BKWOI;BKWOJ;BKWOKA;BKWOKB;BKWOKC;BKWOKD;BKWOKE;BKWOLA;BKWOLB;BKWOLC;BKWOLD;BKWOLE;BKWOLF;BKWOLG;BKWOLH;BKWOLI;BOKDTFIX;CAWOPO;CBKSHI;CBKSHI2;CBKSHI3;CBKWOM;CCMASSWO;CHKHFIX;CLASSFIX;CRSOPO;DBAEXCFG;DDCHECK;DUPFIX;EBTAG;EVOUTIL;EvoFNOWO;EvoSCHcfg;EvoSCHrun;FIXAMTRM;FIXAPAGE;FIXAPIVL;FIXLASTC;FIXPOJC;GLEREDO;HINVFIX;INVDTFIX;ISAMJ;ISAMK;ISAMN;ISAMO;ISAMP;ISAMQ;ISAPCFIX;ISAPINV;ISAPLJST;ISAPO;ISAPU;ISAPV;ISARCHK;ISARCRHD;ISARFIX;ISART;ISASER;ISBINSET;ISBOL;ISBS;ISBUNSET;ISCHGWOS;ISCHKLOC;ISCYCMOV;ISDER;ISDEREF;ISDET;ISECO;ISECODWG;ISEDIB;ISEDID;ISEDIH;ISEDIX;ISFLOC;ISICFIX;ISICT;ISILDE;ISILUTIL;ISINDPO;ISINGL;ISINLM;ISINLN;ISINLO;ISINLOA;ISINLT;ISINLU;ISINND;ISINP;ISINVSUB;ISITP;ISJCE;ISJOBS;ISLCE;ISLCF;ISLOCBZ;ISLOCFIX;ISMASVOD;ISMREL;ISMULTIY;ISMUREL;ISORDDSC;ISPODSC;ISPOIH;ISPOII;ISPRJDE;ISPRLO;ISRMACD;ISRMD;ISRME;ISRNIFIX;ISSCE;ISSCF;ISSCG;ISSDF;ISSHIPCO;ISSMCAT;ISSMJJ;ISSMJR;ISSMJS;ISSMUD;ISSOCLOS;ISSODISC;ISSOOM;ISSOON;ISSOOO;ISSOPJ;ISSOPK;ISSOPO;ISSOSTOT;ISSRA;ISSRA2;ISSRB;ISSRC;ISSRCMSG;ISSRD;ISSRE;ISSRF;ISSRG;ISSRGA;ISSRH;ISSROO;ISSSOE;ISSTDUTI;ISSUREL;ISTECH;ISTS;ISTXNFIX;ISUPDATE;ISWCA;ISWCB;ISWCC;ISWCD;ISWCE;ISWCF;ISWOG;ISWOLJ;ISWOPO;ISWORPT1;ISWORPT2;J5AVICT;J5BOMXPT;J5CRDCPY;J5CROHFX;J5CRPCPY;J5CRPIMP;J5DMSOXP;J5EBISAM;J5EBSFIX;J5FSARR;J5HDWOM;J5ISDCA;J5LOTFIX;J5LSFIX;J5MHCSON;J5MISHI;J5NACHA;J5NTWOLK;J5NWTICT;J5PIECE;J5PRDPST;J5SMRPT3;J5SOPO;J5TUSAGE;J5TWIINV;J6BKMDIS;J6BKMREP;J6BTSRWO;J6CFPRPT;J6CFTOPI;J6CHGREP;J6CRCOLR;J6DBSGLI;J6DIXPOA;J6EBDLOT;J6HTJCH;J6HVRSAO;J6ISDCA;J6LAPSAO;J6LAPSAR;J6NASGLI;J6NZQWO;J6PETOPN;J6POIJ;JCPOIE2;JKSOSB;JKSOSC;JM6USAGE;JMAPIBK;JMAPIBL;JMCELESC;JMCFILOT;JMCHECK;JMCHGWOS;JMCRBOOK;JMCRTOPN;JMGLTXNS;JMINVTXN;JMMPI1;JMMPI2;JMMPO;JMSRREP;JMUSAGE;LOCKFILE;LONGTIME;LT6SOD;MCSTART;NBEDIB;NZBOM;NZCFG;NZCUSTCM;NZIMP;NZINDEX;NZMLWO;NZMWO;NZPAY;NZQWO;NZSSOE;NZUPCEXP;NZUPCFIL;NZVENDCM;NZWOI;ORPBOMFX;POJCFIX;POLGLFIX;POLODFIX;POLQCFIX;PRDIVFIX;PRJCSYNC;RNDXFIX;RNIFIX;SIVL;SOCOMFIX;SOGSERFX;SOLNLOC;SOORPFIX;SRLOCFIX;SRRMAFIX;SRWOI;T6ALSOB;T6ALSOC;T6ALSOF;T6ALSOPB;T6AMPA;T6APB;T6APC;T6APC.3288;T6APH;T6APHA;T6API;T6ARB;T6ARC;T6ARE;T6ARF;T6ARI;T6ARP;T6CMBD;T6CMBI;T6DCA;T6DCE;T6DCF;T6EDIE;T6ESD;T6GLN;T6IND;T6ING;T6INO;T6ISICT;T6ISSRB;T6ISSRD;T6ISSRF;T6ISSSOE;T6ISWCE;T6ISWCF;T6LCC;T6NZBOM;T6NZSSOE;T6PICA;T6PIF;T6POA;T6POB;T6POC;T6POEA;T6POENG;T6POJA;T6PRDPST;T6PRLF;T6PRLI;T6SAM;T6SAN;T6SOD;T6SOE;T6SOF;T6SOPB;T6SoNote;T6UTH;T6WOC;T6WOE;T6arn;T6jksosb;T6sopo;T7POBNP;T7PON;TAPS2000;TOOLBAR;UMCDCP;UMCWOI;UMCXWC;WCBINLOT;WOMATFX;WORECVFX;WORFIX;WOROFIX;bkcsq;j6btsra;j6cfcust;j6cfsan;j6crprbk;jmcrbfs;lbkina;t6INA;t6INAC;t6INB;t6INBC;t6SOJ;t6amf;t6ami;t6ape;t6apg;t6apj;t6apl;t6apm;t6bmb;t6dcd;t6edib;t6edid;t6ediex;t6esa;t6glc;t6glo;t6inh;t6isinlm;t6islce;t6iswcc;t6jca;t6poh;t6poih;t6prd;t6prlg;t6soa;t6soa2;t6sob;t6soc;t6sodmsg;t6soj2;t6som;t6soof;t6uti;t6utka;t6wola;t6wolf
curr.rtm,7,T6ALSOB;T6ALSOC;T6ALSOPB;T6ESD;T6SOPB;t6sob;t6soc
dflt.rtm,16,BKING;BKSAM;BKSAN;T6ALSOB;T6ALSOC;T6ALSOF;T6ALSOPB;T6ESD;T6ING;T6SAM;T6SAN;T6SOF;T6SOPB;j6cfsan;t6sob;t6soc
emissoa1.rtm,2,T6SOD;t6sodmsg
ent.rtm,90,EBTAG;J6BTSRWO;J6CFPRPT;J6CFTOPI;J6CRCOLR;J6EBDLOT;J6HTJCH;J6HVRSAO;J6ISDCA;J6LAPSAO;J6NZQWO;J6PETOPN;J6POIJ;JM6USAGE;JMCELESC;JMCFILOT;JMCRBOOK;JMCRTOPN;JMPRIER1;T6ALSOB;T6ALSOC;T6ALSOF;T6ALSOPB;T6APH;T6APHA;T6API;T6ARE;T6ARF;T6ARI;T6ARP;T6CMBD;T6CMBI;T6DCE;T6DCF;T6ESD;T6GLN;T6IND;T6ING;T6INO;T6ISICT;T6ISSRB;T6ISSRD;T6ISSRF;T6ISWCE;T6ISWCF;T6LCC;T6PICA;T6PIF;T6POB;T6POEA;T6POENG;T6POJA;T6PRLF;T6PRLI;T6SAM;T6SAN;T6SOD;T6SOF;T6SOPB;T6WOC;T6WOE;T6jksosb;TAPS2000;j6cfcust;j6cfsan;jmcrbfs;t6amf;t6ape;t6apg;t6apj;t6apl;t6apm;t6bmb;t6dcd;t6glc;t6glo;t6inh;t6isinlm;t6islce;t6jca;t6poih;t6prd;t6prlg;t6sob;t6soc;t6sodmsg;t6som;t6soof;t6wola;t6wolf
esteetag.rtm,1,EBTAG
hold.rtm,1,BKING
ibkpob1.rtm,1,BKPOB
ibkpob2.rtm,1,BKPOB
ibkpob3.rtm,1,BKPOB
ibkpob4.rtm,1,BKPOB
ibkpoe1.rtm,1,BKPOEA
ibkpoe2.rtm,1,BKPOEA
ibkrma1.rtm,1,ISSRB
ibksob1.rtm,1,BKSOB
ibksob2.rtm,1,BKSOB
ibksob3.rtm,1,BKSOB
ibksob4.rtm,1,BKSOB
ibksof1.rtm,1,BKSOF
ibksof2.rtm,1,BKSOF
ibksof3.rtm,1,BKSOF
ibksof4.rtm,1,BKSOF
ibksopb1.rtm,2,BKSOPB;JKSOSB
ibksopb2.rtm,2,BKSOPB;JKSOSB
ibksopb3.rtm,2,BKSOPB;JKSOSB
ibksopb4.rtm,2,BKSOPB;JKSOSB
ibksrb1.rtm,1,ISSRB
ibksrb2.rtm,1,ISSRB
ibksrb3.rtm,1,ISSRB
ibksrb4.rtm,1,ISSRB
ibksrf1.rtm,1,ISSRF
ibksrf2.rtm,1,ISSRF
ibksrf3.rtm,1,ISSRF
ibksrf4.rtm,1,ISSRF
ing.rtm,1,BKING
ino.rtm,1,T6INO
isdca1.rtm,1,J5ISDCA
islcf1.rtm,1,ISLCF
isscf1.rtm,1,ISSCF
isudmstrtemp.rtm,1,J6LAPSAO
iswce1.rtm,1,ISWCE
iswcf1.rtm,1,ISWCF
isworpt1.rtm,1,ISWORPT1
isworpt2.rtm,1,ISWORPT2
it6are1.rtm,1,T6ARE
it6are2.rtm,1,T6ARE
it6are3.rtm,1,T6ARE
it6pob1.rtm,1,T6POB
it6pob2.rtm,1,T6POB
it6pob3.rtm,1,T6POB
it6pob4.rtm,1,T6POB
it6pob4r.rtm,1,T6POB
it6pob4s.rtm,1,T6POB
it6poe1.rtm,1,T6POEA
it6poe2.rtm,1,T6POEA
it6rma1.rtm,1,T6ISSRB
it6sob1.rtm,2,T6ALSOB;t6sob
it6sob2.rtm,2,T6ALSOB;t6sob
it6sob3.rtm,2,T6ALSOB;t6sob
it6sob4.rtm,2,T6ALSOB;t6sob
it6sof1.rtm,2,T6ALSOF;T6SOF
it6sof2.rtm,2,T6ALSOF;T6SOF
it6sof3.rtm,2,T6ALSOF;T6SOF
it6sof4.rtm,2,T6ALSOF;T6SOF
it6soma1.rtm,1,t6som
it6soma2.rtm,1,t6som
it6soma3.rtm,1,t6som
it6soma4.rtm,1,t6som
it6sopb1.rtm,2,T6ALSOPB;T6SOPB
it6sopb2.rtm,2,T6ALSOPB;T6SOPB
it6sopb3.rtm,2,T6ALSOPB;T6SOPB
it6sopb4.rtm,2,T6ALSOPB;T6SOPB
it6srb1.rtm,1,T6ISSRB
it6srb2.rtm,1,T6ISSRB
it6srb3.rtm,1,T6ISSRB
it6srb4.rtm,1,T6ISSRB
it6srf1.rtm,1,T6ISSRF
it6srf2.rtm,1,T6ISSRF
it6srf3.rtm,1,T6ISSRF
it6srf4.rtm,1,T6ISSRF
j5ebisam.rtm,1,J5EBISAM
j5ntwolk.rtm,1,J5NTWOLK
j5smrpt3.rtm,1,J5SMRPT3
j5twiinv.rtm,1,J5TWIINV
j6bkmdis.rtm,1,J6BKMDIS
j6bkmrep.rtm,1,J6BKMREP
j6btsrwo.rtm,1,J6BTSRWO
j6cfclbl.rtm,1,j6cfcust
j6cfcust.rtm,1,j6cfcust
j6cfprpt.rtm,1,J6CFPRPT
j6cfsan1.rtm,1,j6cfsan
j6cftopi.rtm,1,J6CFTOPI
j6crcol2.rtm,1,J6CRCOLR
j6crcolr.rtm,1,J6CRCOLR
j6ebdlot.rtm,1,J6EBDLOT
j6htjch1.rtm,1,J6HTJCH
j6hvrsao.rtm,1,J6HVRSAO
j6isdca1.rtm,1,J6ISDCA
j6lapsao.rtm,1,J6LAPSAO
j6lapsar.rtm,1,J6LAPSAR
j6lpsao2.rtm,1,J6LAPSAO
j6nzqwo1.rtm,1,J6NZQWO
j6petopn.rtm,1,J6PETOPN
j6poij1.rtm,1,J6POIJ
jksosb4.rtm,1,JKSOSB
jm6use1.rtm,1,JM6USAGE
jm6use2.rtm,1,JM6USAGE
jmcelesc.rtm,1,JMCELESC
jmcfilbl.rtm,1,JMCFILOT
jmcfilot.rtm,1,JMCFILOT
jmcheck1.rtm,1,JMCHECK
jmcrbfs.rtm,1,jmcrbfs
jmcrbook.rtm,1,JMCRBOOK
jmcrtopn.rtm,1,JMCRTOPN
jmprier1.rtm,1,JMPRIER1
jmtopn1.rtm,1,JMCRTOPN
jmtopn2.rtm,1,JMCRTOPN
lot.rtm,1,T6INO
lt6sod1.rtm,1,LT6SOD
max.rtm,7,T6ALSOB;T6ALSOC;T6ALSOF;T6POB;T6SOF;t6sob;t6soc
next.rtm,5,T6ALSOB;T6ALSOPB;T6ESD;T6SOPB;t6sob
poc.rtm,1,BKING
pr.rtm,1,BKADC
rbk.rtm,3,BKSOF;T6ALSOF;T6SOF
rt6.rtm,3,BKSOF;T6ALSOF;T6SOF
save.rtm,2,BKSAM;T6SAM
ser.rtm,1,T6INO
short.rtm,5,BKSAM;BKSAN;T6SAM;T6SAN;j6cfsan
show.rtm,3,T6SAM;T6SAN;j6cfsan
t6.rtm,40,BKAPL;BKARE;BKJCA;BKPOB;BKSOB;BKSOC;BKSOD;BKSOF;BKWOC;ISLCF;ISSCF;ISSRD;J6BKMDIS;J6BKMREP;J6HTJCH;J6HVRSAO;J6LAPSAO;J6LAPSAR;J6PETOPN;JMCRTOPN;T6ALSOB;T6ALSOC;T6ALSOF;T6ARE;T6GLN;T6ING;T6ISSRD;T6POB;T6SOD;T6SOF;T6WOC;t6ape;t6apg;t6apj;t6apl;t6islce;t6jca;t6sob;t6soc;t6sodmsg
t6amf.rtm,1,t6ami
t6amf1.rtm,1,t6amf
t6aph1.rtm,1,T6APH
t6apha1.rtm,1,T6APHA
t6apha2.rtm,1,T6APHA
t6apha3.rtm,1,T6APHA
t6aphar1.rtm,2,T6APH;T6APHA
t6api1.rtm,1,T6API
t6api2.rtm,1,T6API
t6api3.rtm,1,T6API
t6apm1.rtm,1,t6apm
t6apm2.rtm,1,t6apm
t6apm3.rtm,1,t6apm
t6aps1.rtm,1,TAPS2000
t6are1.rtm,1,T6ARE
t6are2.rtm,1,T6ARE
t6are3.rtm,1,T6ARE
t6are4.rtm,1,T6ARE
t6arf1.rtm,1,T6ARF
t6arf2.rtm,1,T6ARF
t6arf3.rtm,1,T6ARF
t6arf4.rtm,1,T6ARF
t6ari1.rtm,1,T6ARI
t6ari2.rtm,1,T6ARI
t6ari3.rtm,1,T6ARI
t6arp1.rtm,1,T6ARP
t6arpl1.rtm,1,T6ARP
t6asob3.rtm,1,T6ALSOB
t6asoc3.rtm,1,T6ALSOC
t6asof3.rtm,1,T6ALSOF
t6asopb3.rtm,1,T6ALSOPB
t6bmb1.rtm,1,t6bmb
t6cmbd1.rtm,1,T6CMBD
t6cmbd2.rtm,1,T6CMBD
t6cmbd3.rtm,1,T6CMBD
t6cmbi1.rtm,1,T6CMBI
t6dcd1.rtm,1,t6dcd
t6dce.rtm,1,T6DCE
t6dcf.rtm,1,T6DCF
t6esd1.rtm,1,T6ESD
t6esd3.rtm,1,T6ESD
t6fob1.rtm,1,t6bmb
t6glc1.rtm,1,t6glc
t6glo1.rtm,1,t6glo
t6ind1.rtm,1,T6IND
t6ine1.rtm,1,t6ine1
t6inh1.rtm,1,t6inh
t6inlm1.rtm,1,t6isinlm
t6inlo1.rtm,1,T6ISICT
t6ino1.rtm,1,T6INO
t6ino2.rtm,1,T6INO
t6islce1.rtm,1,t6islce
t6iswce1.rtm,1,T6ISWCE
t6iswcf1.rtm,1,T6ISWCF
t6jca1.rtm,1,t6jca
t6lcc1.rtm,1,T6LCC
t6pc.rtm,1,T6GLN
t6pica1.rtm,1,T6PICA
t6pif1.rtm,1,T6PIF
t6pob1.rtm,1,T6POB
t6pob2.rtm,1,T6POB
t6pob3.rtm,1,T6POB
t6pob4.rtm,1,T6POB
t6pob4r.rtm,1,T6POB
t6pob4s.rtm,1,T6POB
t6poe1.rtm,1,T6POEA
t6poe2.rtm,1,T6POEA
t6poih1.rtm,1,t6poih
t6poja1.rtm,1,T6POJA
t6prd1.rtm,1,t6prd
t6prd2.rtm,1,t6prd
t6prlf1.rtm,1,T6PRLF
t6prlg1.rtm,1,t6prlg
t6prli.rtm,1,T6PRLI
t6prli2.rtm,1,T6PRLI
t6rma1.rtm,1,T6ISSRB
t6sam1.rtm,1,T6SAM
t6san1.rtm,1,T6SAN
t6sob1.rtm,2,T6ALSOB;t6sob
t6sob2.rtm,2,T6ALSOB;t6sob
t6sob3.rtm,2,T6ALSOB;t6sob
t6sob4.rtm,2,T6ALSOB;t6sob
t6soc1.rtm,2,T6ALSOC;t6soc
t6soc1t.rtm,2,T6ALSOC;t6soc
t6soc2.rtm,2,T6ALSOC;t6soc
t6soc2t.rtm,2,T6ALSOC;t6soc
t6soc3.rtm,2,T6ALSOC;t6soc
t6soc3t.rtm,2,T6ALSOC;t6soc
t6soc4.rtm,3,T6ALSOC;T6ISSRD;t6soc
t6soc4t.rtm,3,T6ALSOC;T6ISSRD;t6soc
t6soc4w.rtm,2,T6ALSOC;t6soc
t6sodd1.rtm,2,T6SOD;t6sodmsg
t6sodd2.rtm,2,T6SOD;t6sodmsg
t6sodh1.rtm,2,T6SOD;t6sodmsg
t6sodh2.rtm,2,T6SOD;t6sodmsg
t6sof1.rtm,2,T6ALSOF;T6SOF
t6sof2.rtm,2,T6ALSOF;T6SOF
t6sof3.rtm,2,T6ALSOF;T6SOF
t6sof4.rtm,2,T6ALSOF;T6SOF
t6sof6.rtm,2,T6ALSOF;T6SOF
t6sof7.rtm,2,T6ALSOF;T6SOF
t6som1.rtm,1,t6som
t6som2.rtm,1,t6som
t6som3.rtm,1,t6som
t6som4.rtm,1,t6som
t6soma1.rtm,1,t6som
t6soma2.rtm,1,t6som
t6soma3.rtm,1,t6som
t6soma4.rtm,1,t6som
t6soof1.rtm,1,t6soof
t6sooj1.rtm,1,T6SAM
t6sook1.rtm,2,T6SAN;j6cfsan
t6sopb1.rtm,2,T6ALSOPB;T6SOPB
t6sopb2.rtm,2,T6ALSOPB;T6SOPB
t6sopb3.rtm,2,T6ALSOPB;T6SOPB
t6sopb4.rtm,2,T6ALSOPB;T6SOPB
t6sopd1.rtm,1,T6SAM
t6sope1.rtm,2,T6SAN;j6cfsan
t6sosb4.rtm,1,T6jksosb
t6srb1.rtm,1,T6ISSRB
t6srb2.rtm,1,T6ISSRB
t6srb3.rtm,1,T6ISSRB
t6srb4.rtm,1,T6ISSRB
t6srd1.rtm,1,T6ISSRD
t6srd1t.rtm,1,T6ISSRD
t6srd2.rtm,1,T6ISSRD
t6srd2t.rtm,1,T6ISSRD
t6srd3.rtm,1,T6ISSRD
t6srd3t.rtm,1,T6ISSRD
t6srd4.rtm,1,T6ISSRD
t6srd4t.rtm,1,T6ISSRD
t6srf1.rtm,1,T6ISSRF
t6srf2.rtm,1,T6ISSRF
t6srf3.rtm,1,T6ISSRF
t6srf4.rtm,1,T6ISSRF
t6srf6.rtm,1,T6ISSRF
t6srf7.rtm,1,T6ISSRF
t6woc1.rtm,1,T6WOC
t6woc2.rtm,1,T6WOC
t6woc3.rtm,1,T6WOC
t6woc4.rtm,1,T6WOC
t6woe1.rtm,1,T6WOE
t6woe2.rtm,1,T6WOE
t6wola1.rtm,1,t6wola
t6wolf1.rtm,1,t6wolf
t7ape1.rtm,1,t6ape
t7apg1.rtm,1,t6apg
t7apj1.rtm,1,t6apj
t7apl1.rtm,1,t6apl
temp.rtm,30,BKARE;BKING;BKPOB;BKSOC;BKSOD;BKWOC;ISLCF;ISSCF;ISSRD;J6HTJCH;T6ALSOB;T6ALSOC;T6ALSOF;T6ARE;T6GLN;T6INO;T6ISSRD;T6POB;T6SOD;T6SOF;T6WOC;t6ape;t6apg;t6apj;t6apl;t6islce;t6jca;t6sob;t6soc;t6sodmsg
test.rtm,11,BKING;T6ALSOB;T6ALSOC;T6ALSOF;T6ALSOPB;T6ESD;T6ING;T6SOF;T6SOPB;t6sob;t6soc
topsale.rtm,1,t6ine1
using.rtm,5,T6ALSOB;T6ALSOPB;T6ESD;T6SOPB;t6sob
wt6.rtm,3,BKSOC;T6ALSOC;t6soc
zbksa.rtm,2,BKPOENG;T6POENG
